"ONTOLOGY","ID","Description","GeneRatio","BgRatio","RichFactor","FoldEnrichment","zScore","pvalue","p.adjust","qvalue","geneID","Count"
"BP","GO:0030198","extracellular matrix organization","20/232","331/18860",0.0604229607250755,4.91196999687468,8.01315843397878,5.40479998891893e-09,6.76780235323423e-06,5.48323399150734e-06,"MMP7/MMP3/MMP11/COL1A1/ADAMTS12/MMP1/FAP/PDPN/COL12A1/TGFBI/SOX9/SULF1/FKBP10/COL4A1/LOXL2/MMP12/SERPINB5/SERPINH1/AGT/ADAMTS6",20
"BP","GO:0043062","extracellular structure organization","20/232","332/18860",0.0602409638554217,4.89717490652264,7.99511797288987,5.68921327156149e-09,6.76780235323423e-06,5.48323399150734e-06,"MMP7/MMP3/MMP11/COL1A1/ADAMTS12/MMP1/FAP/PDPN/COL12A1/TGFBI/SOX9/SULF1/FKBP10/COL4A1/LOXL2/MMP12/SERPINB5/SERPINH1/AGT/ADAMTS6",20
"BP","GO:0045229","external encapsulating structure organization","20/232","333/18860",0.0600600600600601,4.88246867557212,7.97714955998098,5.98743941601376e-09,6.76780235323423e-06,5.48323399150734e-06,"MMP7/MMP3/MMP11/COL1A1/ADAMTS12/MMP1/FAP/PDPN/COL12A1/TGFBI/SOX9/SULF1/FKBP10/COL4A1/LOXL2/MMP12/SERPINB5/SERPINH1/AGT/ADAMTS6",20
"BP","GO:0000280","nuclear division","22/232","453/18860",0.0485651214128035,3.94800943898911,7.08772196171734,4.75923491606428e-08,4.03464140009349e-05,3.26884292919152e-05,"TRIP13/ANLN/CDC25B/EREG/KIF14/TPX2/UBE2C/UHRF1/SKA3/WNT5A/CKS2/NUF2/AURKA/MSX1/TOP2A/BUB1B/KIF4A/MAD2L1/RRS1/MZT1/DCAF13/MTBP",22
"BP","GO:0051216","cartilage development","15/232","216/18860",0.0694444444444444,5.64535440613027,7.66295701769709,7.71541599515841e-08,5.23259512791643e-05,4.23941805207652e-05,"COL1A1/CHI3L1/ADAMTS12/BGN/TGFBI/CCN4/SOX9/SULF1/LOXL2/WNT5A/SERPINH1/MSX1/SNAI1/STC1/PRRX1",15
"BP","GO:0140014","mitotic nuclear division","16/232","281/18860",0.0569395017793594,4.62878880844275,6.83949275948998,4.28741123212154e-07,0.000222306341619492,0.000180111301316759,"TRIP13/ANLN/EREG/KIF14/TPX2/UBE2C/UHRF1/SKA3/NUF2/AURKA/BUB1B/KIF4A/MAD2L1/RRS1/MZT1/MTBP",16
"BP","GO:0007059","chromosome segregation","20/232","434/18860",0.0460829493087558,3.74622596535833,6.45930524713872,4.58904273469903e-07,0.000222306341619492,0.000180111301316759,"TRIP13/KIF14/TPX2/UBE2C/ECT2/UHRF1/SKA3/HJURP/NUF2/DIAPH3/CDC6/AURKA/TOP2A/CENPW/BUB1B/KIF4A/MAD2L1/RRS1/MZT1/DCAF13",20
"BP","GO:0098813","nuclear chromosome segregation","17/232","323/18860",0.0526315789473684,4.27858439201452,6.63266574287362,5.59999836664313e-07,0.000237369930766086,0.000192315733380771,"TRIP13/KIF14/TPX2/UBE2C/ECT2/UHRF1/SKA3/NUF2/CDC6/AURKA/TOP2A/BUB1B/KIF4A/MAD2L1/RRS1/MZT1/DCAF13",17
"BP","GO:0043588","skin development","17/232","329/18860",0.0516717325227964,4.20055549732732,6.53572982914907,7.23125143982813e-07,0.00027245748480508,0.00022074346500528,"INHBA/CDH3/ETV4/COL1A1/CLDN1/FOXQ1/EREG/SOX9/WNT5A/KRT80/CYP27B1/SNAI1/KRT7/GRHL1/LGR5/MET/PKP1",17
"BP","GO:0007143","female meiotic nuclear division","7/232","43/18860",0.162790697674419,13.2337610264635,8.9627077644464,8.60675400842985e-07,0.000291855028425856,0.000236459241705283,"TRIP13/CDC25B/EREG/SKA3/AURKA/TOP2A/DCAF13",7
"BP","GO:0051338","regulation of transferase activity","16/232","304/18860",0.0526315789473684,4.27858439201452,6.43133578470098,1.21600081256525e-06,0.000334930652631744,0.000271358861186376,"CEMIP/TRIB3/CHI3L1/EREG/KIF14/TPX2/UBE2C/ECT2/WNT5A/CDC6/DSCC1/AGT/SPINDOC/MAD2L1/RFC3/CRIPTO",16
"BP","GO:0000819","sister chromatid segregation","14/232","233/18860",0.0600858369098712,4.88456415569039,6.65838663289967,1.2168807477014e-06,0.000334930652631744,0.000271358861186376,"TRIP13/KIF14/TPX2/UBE2C/UHRF1/SKA3/NUF2/CDC6/TOP2A/BUB1B/KIF4A/MAD2L1/RRS1/MZT1",14
"BP","GO:0060562","epithelial tube morphogenesis","17/232","344/18860",0.0494186046511628,4.01739174017642,6.30314852022638,1.3356309706555e-06,0.000334930652631744,0.000271358861186376,"CTHRC1/ADAMTS12/SALL4/KIF26B/SOX9/COL4A1/WNT5A/TWIST1/MTHFD1L/EDNRA/AGT/TACSTD2/CELSR1/LGR5/MYC/MET/LEF1",17
"BP","GO:0061448","connective tissue development","16/232","307/18860",0.0521172638436482,4.23677412108278,6.38108774646746,1.38278653401487e-06,0.000334930652631744,0.000271358861186376,"COL1A1/CHI3L1/ADAMTS12/BGN/TGFBI/CCN4/SOX9/SULF1/LOXL2/WNT5A/SERPINH1/MSX1/SNAI1/STC1/PRRX1/GPR4",16
"BP","GO:0007292","female gamete generation","12/232","176/18860",0.0681818181818182,5.54271159874608,6.7570444908154,1.92445258356045e-06,0.000435054580723565,0.000352478683725808,"INHBA/TRIP13/CDC25B/EREG/SKA3/AURKA/EDNRA/TOP2A/LGR5/FOSL1/DCAF13/TNFAIP6",12
"BP","GO:0051783","regulation of nuclear division","11/232","147/18860",0.0748299319727891,6.08315740089139,6.90463498685665,2.09965493462463e-06,0.000444995617707007,0.00036053285390594,"TRIP13/EREG/UBE2C/SKA3/WNT5A/NUF2/AURKA/MSX1/BUB1B/MAD2L1/MTBP",11
"BP","GO:0008544","epidermis development","18/232","402/18860",0.0447761194029851,3.63998970663922,5.97094605238067,2.63785282467678e-06,0.000526174054616409,0.000426303149994204,"INHBA/CDH3/ETV4/CLDN1/FOXQ1/COL7A1/EREG/SOX9/WNT5A/KRT80/SFRP4/CYP27B1/SNAI1/KRT7/GRHL1/LGR5/MET/PKP1",18
"BP","GO:0044772","mitotic cell cycle phase transition","19/232","461/18860",0.0412147505422994,3.35047497943002,5.70202600424804,4.62089300614445e-06,0.000811752937294889,0.000657677495022322,"INHBA/TRIP13/ANLN/CDC25B/TICRR/KIF14/IQGAP3/UBE2C/SKA3/CKS2/NUF2/CDC6/AURKA/MELK/CCNO/BUB1B/MAD2L1/MYC/MTBP",19
"BP","GO:0000070","mitotic sister chromatid segregation","12/232","192/18860",0.0625,5.08081896551724,6.34262821583114,4.75321118430706e-06,0.000811752937294889,0.000657677495022322,"TRIP13/KIF14/TPX2/UBE2C/UHRF1/SKA3/NUF2/BUB1B/KIF4A/MAD2L1/RRS1/MZT1",12
"BP","GO:0001890","placenta development","11/232","160/18860",0.06875,5.58890086206897,6.50531111598758,4.78769057679085e-06,0.000811752937294889,0.000657677495022322,"MDFI/STC2/CYP27B1/SNAI1/STC1/HSP90AB1/SPP1/FOSL1/ASCL2/DCAF13/LEF1",11
"BP","GO:0051347","positive regulation of transferase activity","11/232","161/18860",0.0683229813664596,5.55418719211823,6.47641742896715,5.08386321312208e-06,0.000820922864556998,0.000665106916603941,"CEMIP/CHI3L1/EREG/KIF14/TPX2/UBE2C/ECT2/WNT5A/DSCC1/RFC3/CRIPTO",11
"BP","GO:0001837","epithelial to mesenchymal transition","12/232","195/18860",0.0615384615384615,5.0026525198939,6.27005580525941,5.57354668866841e-06,0.000859086219148845,0.000696026643895912,"COL1A1/PDPN/SOX9/LOXL2/WNT5A/SLC39A10/TWIST1/MSX1/EDNRA/SNAI1/AGT/LEF1",12
"BP","GO:0098773","skin epidermis development","10/232","137/18860",0.072992700729927,5.933803171407,6.46806823420805,7.66616564780504e-06,0.00108939014241662,0.000882617539215996,"INHBA/CDH3/CLDN1/FOXQ1/SOX9/WNT5A/SNAI1/GRHL1/LGR5/MET",10
"BP","GO:0072132","mesenchyme morphogenesis","7/232","59/18860",0.11864406779661,9.64494447691408,7.42194868784316,7.71022218165698e-06,0.00108939014241662,0.000882617539215996,"SOX9/WNT5A/TWIST1/MSX1/SNAI1/MYC/LEF1",7
"BP","GO:0043085","positive regulation of catalytic activity","15/232","318/18860",0.0471698113207547,3.83458035133377,5.68910896575148,9.92355843913153e-06,0.0013460314666838,0.00109054684320561,"CEMIP/CDH3/CHI3L1/PRSS22/EREG/KIF14/TPX2/UBE2C/ECT2/WNT5A/DSCC1/EDNRA/RGS16/RFC3/CRIPTO",15
"BP","GO:0046697","decidualization","5/232","25/18860",0.2,16.2586206896552,8.51966811863559,1.17242270404126e-05,0.00150631226585569,0.00122040541181249,"STC2/CYP27B1/STC1/SPP1/DCAF13",5
"BP","GO:0010718","positive regulation of epithelial to mesenchymal transition","7/232","63/18860",0.111111111111111,9.03256704980843,7.12689846373737,1.19936393919503e-05,0.00150631226585569,0.00122040541181249,"COL1A1/PDPN/LOXL2/TWIST1/SNAI1/AGT/LEF1",7
"BP","GO:0050673","epithelial cell proliferation","19/232","496/18860",0.0383064516129032,3.11405033370412,5.32467037131984,1.303099765558e-05,0.0015641446175058,0.00126726084579619,"CDH3/CLDN1/FAP/COL8A1/APLN/EREG/SOX9/IQGAP3/SULF1/UHRF1/LOXL2/WNT5A/MMP12/PDX1/SERPINB5/TACSTD2/FUT1/LGR5/MYC",19
"BP","GO:0032963","collagen metabolic process","9/232","116/18860",0.0775862068965517,6.30722354340071,6.39860713051853,1.34486113201492e-05,0.0015641446175058,0.00126726084579619,"INHBA/MMP7/MMP3/MMP11/COL1A1/MMP1/FAP/MMP12/SERPINH1",9
"BP","GO:0048732","gland development","18/232","454/18860",0.039647577092511,3.22307458605499,5.35084609370701,1.40020066995663e-05,0.0015641446175058,0.00126726084579619,"CLDN1/APLN/SOX9/STRA6/IQGAP3/SLC7A5/SULF1/WNT5A/PCSK9/PDX1/SERPINB5/AURKA/TG/MSX1/EDNRA/MET/LEF1/CRIPTO",18
"BP","GO:0001763","morphogenesis of a branching structure","12/232","214/18860",0.0560747663551402,4.55849178214631,5.84252019221468,1.42991693136773e-05,0.0015641446175058,0.00126726084579619,"SOX9/SULF1/COL4A1/WNT5A/EDNRA/AGT/TACSTD2/CELSR1/MYC/MET/LEF1/CRIPTO",12
"BP","GO:0007088","regulation of mitotic nuclear division","9/232","119/18860",0.0756302521008403,6.1482179078528,6.28715589811297,1.65277032373823e-05,0.00175142005243635,0.00141899031084104,"TRIP13/EREG/UBE2C/SKA3/NUF2/AURKA/BUB1B/MAD2L1/MTBP",9
"BP","GO:0072001","renal system development","15/232","334/18860",0.0449101796407186,3.65088787941359,5.45499015401565,1.77090596530849e-05,0.00176655166078484,0.00143124985166569,"KIF26B/SOX9/STRA6/SULF1/COL4A1/WNT5A/PCSK9/NOTCH3/EDNRA/AGT/TACSTD2/ADAMTS6/LGR5/MYC/GPR4",15
"BP","GO:0030574","collagen catabolic process","6/232","45/18860",0.133333333333333,10.8390804597701,7.37443693044349,1.77124023788512e-05,0.00176655166078484,0.00143124985166569,"MMP7/MMP3/MMP11/MMP1/FAP/MMP12",6
"BP","GO:0060348","bone development","12/232","220/18860",0.0545454545454545,4.43416927899687,5.71781754979424,1.88423380757073e-05,0.00182555338327781,0.0014790527030856,"COL1A1/ADAMTS12/BGN/CCN4/SOX9/SULF1/TWIST1/SFRP4/SERPINH1/MSX1/STC1/ATG9B",12
"BP","GO:1903046","meiotic cell cycle process","12/232","227/18860",0.052863436123348,4.29743278140665,5.5778611075646,2.56917773503934e-05,0.00236693691951121,0.00191767848637236,"TRIP13/CDC25B/EREG/SKA3/WNT5A/CKS2/NUF2/AURKA/MSX1/EDNRA/TOP2A/DCAF13",12
"BP","GO:0009994","oocyte differentiation","7/232","71/18860",0.0985915492957746,8.0148130160272,6.60866364214605,2.65242120145756e-05,0.00236693691951121,0.00191767848637236,"TRIP13/CDC25B/EREG/AURKA/EDNRA/LGR5/DCAF13",7
"BP","GO:0030199","collagen fibril organization","7/232","71/18860",0.0985915492957746,8.0148130160272,6.60866364214605,2.65242120145756e-05,0.00236693691951121,0.00191767848637236,"MMP11/COL1A1/ADAMTS12/COL12A1/FKBP10/LOXL2/SERPINH1",7
"BP","GO:0022617","extracellular matrix disassembly","7/232","72/18860",0.0972222222222222,7.90349616858238,6.54960740937153,2.90764390887919e-05,0.00252815910128444,0.00204829975767198,"MMP7/MMP3/MMP11/MMP1/FAP/PDPN/MMP12",7
"BP","GO:0000910","cytokinesis","11/232","195/18860",0.0564102564102564,4.58576480990274,5.61701155693164,3.08959506481783e-05,0.00261920421619932,0.00212206397873014,"ANLN/CDC25B/KIF20A/KIF14/IQGAP3/CEP55/ECT2/CKAP2/CDC6/AURKA/KIF4A",11
"BP","GO:0048705","skeletal system morphogenesis","12/232","232/18860",0.0517241379310345,4.20481569560048,5.48130722525113,3.18255438625205e-05,0.00263220534726359,0.00213259741928571,"COL1A1/MDFI/SOX9/TWIST1/SFRP4/MTHFD1L/SERPINH1/MSX1/STC1/MYC/PRRX1/ATG9B",12
"BP","GO:0060349","bone morphogenesis","8/232","100/18860",0.08,6.50344827586207,6.15798575828096,3.26981353856554e-05,0.00263998516887518,0.00213890058537746,"COL1A1/SOX9/TWIST1/SFRP4/SERPINH1/MSX1/STC1/ATG9B",8
"BP","GO:0061138","morphogenesis of a branching epithelium","11/232","199/18860",0.0552763819095477,4.49358863281927,5.5290568535964,3.72242588287044e-05,0.00282080848424215,0.00228540258078567,"SOX9/SULF1/COL4A1/WNT5A/EDNRA/AGT/TACSTD2/CELSR1/MYC/MET/LEF1",11
"BP","GO:0030858","positive regulation of epithelial cell differentiation","7/232","75/18860",0.0933333333333333,7.58735632183908,6.37905572365096,3.79727574388063e-05,0.00282080848424215,0.00228540258078567,"ETV4/SOX9/SFRP4/CYP27B1/SERPINE1/PKP1/LEF1",7
"BP","GO:1902893","regulation of miRNA transcription","7/232","75/18860",0.0933333333333333,7.58735632183908,6.37905572365096,3.79727574388063e-05,0.00282080848424215,0.00228540258078567,"APLN/SOX9/TWIST1/NOTCH3/AGT/MYC/FOSL1",7
"BP","GO:0070482","response to oxygen levels","15/232","357/18860",0.0420168067226891,3.41567661547378,5.14247319861821,3.82651696476375e-05,0.00282080848424215,0.00228540258078567,"INHBA/COL1A1/STC2/PLAU/AJUBA/SLC7A5/LOXL2/TWIST1/PMAIP1/HILPDA/EDNRA/STC1/MYC/ASCL2/CA9",15
"BP","GO:0048754","branching morphogenesis of an epithelial tube","10/232","166/18860",0.0602409638554217,4.89717490652264,5.62824546941174,4.07321497884834e-05,0.00292418889200043,0.00236916078415655,"SOX9/COL4A1/WNT5A/EDNRA/AGT/TACSTD2/CELSR1/MYC/MET/LEF1",10
"BP","GO:0061614","miRNA transcription","7/232","76/18860",0.0921052631578947,7.48752268602541,6.3242911313369,4.13922343898616e-05,0.00292418889200043,0.00236916078415655,"APLN/SOX9/TWIST1/NOTCH3/AGT/MYC/FOSL1",7
"BP","GO:0090068","positive regulation of cell cycle process","13/232","278/18860",0.0467625899280576,3.80147606053089,5.25149908075807,4.274107189254e-05,0.00295785662831843,0.00239643818774499,"CDC25B/EREG/KIF14/UBE2C/ECT2/SKA3/WNT5A/CDC6/AURKA/MSX1/MAD2L1/MTBP/LEF1",13
"BP","GO:0140013","meiotic nuclear division","11/232","203/18860",0.0541871921182266,4.40504501443859,5.44339912170713,4.46397469717633e-05,0.00302746763962499,0.00245283662308005,"TRIP13/CDC25B/EREG/SKA3/WNT5A/CKS2/NUF2/AURKA/MSX1/TOP2A/DCAF13",11
"BP","GO:0060324","face development","6/232","54/18860",0.111111111111111,9.03256704980843,6.59664679914346,5.12161660254835e-05,0.00340537292141989,0.00275901327815298,"COL1A1/STRA6/WNT5A/MSX1/EDNRA/LEF1",6
"BP","GO:0010586","miRNA metabolic process","8/232","108/18860",0.0740740740740741,6.02171136653895,5.84063458462773,5.68641003482878e-05,0.00370819546694316,0.0030043583382395,"APLN/SOX9/TWIST1/NOTCH3/AGT/XPO5/MYC/FOSL1",8
"BP","GO:0061333","renal tubule morphogenesis","7/232","81/18860",0.0864197530864197,7.02532992762878,6.06467201988011,6.25005768503409e-05,0.00399885766225483,0.0032398511535132,"KIF26B/SOX9/COL4A1/AGT/TACSTD2/LGR5/MYC",7
"BP","GO:0045839","negative regulation of mitotic nuclear division","6/232","57/18860",0.105263157894737,8.55716878402904,6.37680570805549,6.97848243431132e-05,0.00438222850643513,0.00355045597535137,"TRIP13/SKA3/NUF2/BUB1B/MAD2L1/MTBP",6
"BP","GO:0001893","maternal placenta development","5/232","36/18860",0.138888888888889,11.2907088122605,6.89700897085583,7.45094140428792e-05,0.00459384405489824,0.00372190565840985,"STC2/CYP27B1/STC1/SPP1/DCAF13",5
"BP","GO:2000027","regulation of animal organ morphogenesis","7/232","84/18860",0.0833333333333333,6.77442528735632,5.9192554050368,7.89133495704151e-05,0.00477848514987996,0.00387150079659367,"SOX9/SULF1/WNT5A/SAPCD2/MSX1/AGT/TACSTD2",7
"BP","GO:0051321","meiotic cell cycle","13/232","299/18860",0.0434782608695652,3.53448275862069,4.92997206084093,8.96195528840054e-05,0.00533157726016952,0.00431961279828724,"TRIP13/CDC25B/XRCC2/EREG/SKA3/WNT5A/CKS2/NUF2/AURKA/MSX1/EDNRA/TOP2A/DCAF13",13
"BP","GO:0001556","oocyte maturation","5/232","38/18860",0.131578947368421,10.6964609800363,6.67716911608717,9.7239955878697e-05,0.00568518431697692,0.00460610317320144,"TRIP13/CDC25B/EREG/AURKA/EDNRA",5
"BP","GO:0010965","regulation of mitotic sister chromatid separation","6/232","61/18860",0.0983606557377049,7.99604296212549,6.10759483867571,0.000102498658118752,0.00589106694374049,0.00477290807653779,"TRIP13/UBE2C/SKA3/NUF2/BUB1B/MAD2L1",6
"BP","GO:0048477","oogenesis","8/232","118/18860",0.0677966101694915,5.51139684395091,5.4861070327472,0.000106380682159329,0.00601228155337139,0.00487111544624294,"TRIP13/CDC25B/EREG/AURKA/EDNRA/LGR5/DCAF13/TNFAIP6",8
"BP","GO:2000628","regulation of miRNA metabolic process","7/232","89/18860",0.0786516853932584,6.3938395970554,5.6920608439823,0.000113971834206185,0.00633571294742906,0.00513315767520522,"APLN/SOX9/TWIST1/NOTCH3/AGT/MYC/FOSL1",7
"BP","GO:0016055","Wnt signaling pathway","17/232","487/18860",0.0349075975359343,2.83774693761949,4.58543307121147,0.000117332319995113,0.00641732092102303,0.00519927597940992,"CDH3/CTHRC1/COL1A1/MDFI/CCN4/SOX9/NKD2/SULF1/WNT5A/SFRP4/EDNRA/SNAI1/CELSR1/LGR5/MYC/CELSR3/LEF1",17
"BP","GO:0051785","positive regulation of nuclear division","6/232","63/18860",0.0952380952380952,7.74220032840722,5.98202005221743,0.000122887786239425,0.00661448385933158,0.00535901624202003,"EREG/UBE2C/SKA3/WNT5A/AURKA/MSX1",6
"BP","GO:0016331","morphogenesis of embryonic epithelium","9/232","155/18860",0.0580645161290323,4.7202447163515,5.19013565807465,0.000131033802677026,0.00689614654436063,0.00558721770655489,"CTHRC1/SALL4/SOX9/SULF1/WNT5A/TWIST1/MTHFD1L/PDX1/CELSR1",9
"BP","GO:0051306","mitotic sister chromatid separation","6/232","64/18860",0.09375,7.62122844827586,5.9212861510547,0.000134221666743675,0.00689614654436063,0.00558721770655489,"TRIP13/UBE2C/SKA3/NUF2/BUB1B/MAD2L1",6
"BP","GO:0051784","negative regulation of nuclear division","6/232","64/18860",0.09375,7.62122844827586,5.9212861510547,0.000134221666743675,0.00689614654436063,0.00558721770655489,"TRIP13/SKA3/NUF2/BUB1B/MAD2L1/MTBP",6
"BP","GO:0042474","middle ear morphogenesis","4/232","22/18860",0.181818181818182,14.7805642633229,7.21740627566702,0.000137119906938883,0.00693990454372763,0.00562267018241137,"MSX1/EDNRA/MYC/PRRX1",4
"BP","GO:0030071","regulation of mitotic metaphase/anaphase transition","7/232","92/18860",0.0760869565217391,6.18534482758621,5.56394421207291,0.000140465673361941,0.00696420591852815,0.00564235901453025,"TRIP13/UBE2C/SKA3/NUF2/CDC6/BUB1B/MAD2L1",7
"BP","GO:0060541","respiratory system development","11/232","231/18860",0.0476190476190476,3.87110016420361,4.89981599047801,0.000141731120865388,0.00696420591852815,0.00564235901453025,"CHI3L1/PDPN/SLC7A11/SOX9/STRA6/WNT5A/MMP12/EVA1A/MSX1/CELSR1/LEF1",11
"BP","GO:1901990","regulation of mitotic cell cycle phase transition","14/232","357/18860",0.0392156862745098,3.18796484110886,4.65772218137507,0.000143761254584775,0.00696420591852815,0.00564235901453025,"INHBA/TRIP13/ANLN/CDC25B/TICRR/KIF14/UBE2C/SKA3/NUF2/CDC6/AURKA/BUB1B/MAD2L1/MTBP",14
"BP","GO:0045859","regulation of protein kinase activity","11/232","234/18860",0.047008547008547,3.82147067491895,4.84667477357427,0.000158682834082987,0.00754700374938767,0.00611453841776275,"CEMIP/TRIB3/CHI3L1/EREG/KIF14/TPX2/ECT2/WNT5A/CDC6/AGT/CRIPTO",11
"BP","GO:0001666","response to hypoxia","13/232","317/18860",0.0410094637223975,3.33378657674317,4.67650041910792,0.000160243075775851,0.00754700374938767,0.00611453841776275,"INHBA/STC2/PLAU/AJUBA/LOXL2/TWIST1/PMAIP1/HILPDA/EDNRA/STC1/MYC/ASCL2/CA9",13
"BP","GO:0072006","nephron development","9/232","160/18860",0.05625,4.57273706896552,5.06477844430124,0.000166636595811839,0.00774061227942394,0.00627139891952272,"KIF26B/SOX9/SULF1/NOTCH3/EDNRA/AGT/TACSTD2/MYC/GPR4",9
"BP","GO:1902099","regulation of metaphase/anaphase transition of cell cycle","7/232","95/18860",0.0736842105263158,5.99001814882033,5.44138996688075,0.000171746437057418,0.00783392294175922,0.00634699867388647,"TRIP13/UBE2C/SKA3/NUF2/CDC6/BUB1B/MAD2L1",7
"BP","GO:0048599","oocyte development","6/232","67/18860",0.0895522388059701,7.27997941327843,5.74669003250169,0.000173265768396326,0.00783392294175922,0.00634699867388647,"TRIP13/CDC25B/EREG/AURKA/EDNRA/DCAF13",6
"BP","GO:0048762","mesenchymal cell differentiation","12/232","278/18860",0.0431654676258993,3.50905482510543,4.70334167521526,0.000178524685853284,0.00796548960169062,0.00645359321436388,"COL1A1/PDPN/SOX9/LOXL2/WNT5A/SLC39A10/TWIST1/MSX1/EDNRA/SNAI1/AGT/LEF1",12
"BP","GO:0007091","metaphase/anaphase transition of mitotic cell cycle","7/232","96/18860",0.0729166666666667,5.92762212643678,5.40170060287995,0.000183343222938419,0.00799676427202241,0.00647893176984851,"TRIP13/UBE2C/SKA3/NUF2/CDC6/BUB1B/MAD2L1",7
"BP","GO:0043583","ear development","11/232","238/18860",0.046218487394958,3.75724427702115,4.77717080388929,0.000183942085879607,0.00799676427202241,0.00647893176984851,"CTHRC1/SOX9/STRA6/WNT5A/TWIST1/DIAPH3/MSX1/EDNRA/LGR5/MYC/PRRX1",11
"BP","GO:0045860","positive regulation of protein kinase activity","8/232","128/18860",0.0625,5.08081896551724,5.16987981668976,0.000187200383798728,0.00803539875267703,0.00651023320072857,"CEMIP/CHI3L1/EREG/KIF14/TPX2/ECT2/WNT5A/CRIPTO",8
"BP","GO:0001822","kidney development","13/232","323/18860",0.0402476780185759,3.27185865271699,4.59603208483164,0.000192574827588147,0.00816276550439256,0.00661342500006661,"KIF26B/SOX9/STRA6/SULF1/WNT5A/PCSK9/NOTCH3/EDNRA/AGT/TACSTD2/ADAMTS6/MYC/GPR4",13
"BP","GO:0031589","cell-substrate adhesion","14/232","369/18860",0.037940379403794,3.08429118773946,4.51244149504614,0.000202323325732405,0.00824321036293768,0.00667860095524294,"COL1A1/ADAMTS12/PLAU/PDPN/AJUBA/COL8A1/TNFRSF12A/KIF14/MMP12/VWA2/SERPINE1/TACSTD2/FUT1/LEF1",14
"BP","GO:1905330","regulation of morphogenesis of an epithelium","6/232","69/18860",0.0869565217391304,7.06896551724138,5.63617510172849,0.000203924993098234,0.00824321036293768,0.00667860095524294,"ADAMTS12/SOX9/SULF1/WNT5A/AGT/TACSTD2",6
"BP","GO:0044837","actomyosin contractile ring organization","3/232","10/18860",0.3,24.3879310344828,8.25574623848912,0.00020686416498144,0.00824321036293768,0.00667860095524294,"ANLN/IQGAP3/ECT2",3
"BP","GO:0060536","cartilage morphogenesis","3/232","10/18860",0.3,24.3879310344828,8.25574623848912,0.00020686416498144,0.00824321036293768,0.00667860095524294,"MSX1/SNAI1/STC1",3
"BP","GO:0000281","mitotic cytokinesis","7/232","98/18860",0.0714285714285714,5.80665024630542,5.32397738644647,0.000208435974427119,0.00824321036293768,0.00667860095524294,"ANLN/KIF20A/IQGAP3/CEP55/ECT2/CKAP2/KIF4A",7
"BP","GO:0050678","regulation of epithelial cell proliferation","15/232","416/18860",0.0360576923076923,2.93124171087533,4.44504282374073,0.000209058121855689,0.00824321036293768,0.00667860095524294,"CDH3/CLDN1/APLN/EREG/SOX9/IQGAP3/SULF1/UHRF1/WNT5A/MMP12/PDX1/SERPINB5/TACSTD2/FUT1/MYC",15
"BP","GO:0001942","hair follicle development","7/232","99/18860",0.0707070707070707,5.74799721351445,5.28591614236232,0.000221982151558799,0.00855388040836237,0.00693030401397687,"INHBA/CDH3/FOXQ1/SOX9/WNT5A/SNAI1/LGR5",7
"BP","GO:0044784","metaphase/anaphase transition of cell cycle","7/232","99/18860",0.0707070707070707,5.74799721351445,5.28591614236232,0.000221982151558799,0.00855388040836237,0.00693030401397687,"TRIP13/UBE2C/SKA3/NUF2/CDC6/BUB1B/MAD2L1",7
"BP","GO:0036293","response to decreased oxygen levels","13/232","330/18860",0.0393939393939394,3.20245559038662,4.50450038679799,0.000237235288516611,0.00903893104898683,0.0073232892138185,"INHBA/STC2/PLAU/AJUBA/LOXL2/TWIST1/PMAIP1/HILPDA/EDNRA/STC1/MYC/ASCL2/CA9",13
"BP","GO:0048568","embryonic organ development","16/232","472/18860",0.0338983050847458,2.75569842197545,4.31095886288727,0.00025887427671067,0.00970557269270018,0.0078633983851829,"CTHRC1/MFAP2/MDFI/SOX9/STRA6/WNT5A/TWIST1/MTHFD1L/PPIL1/MSX1/EDNRA/SNAI1/MYC/ASCL2/PRRX1/LEF1",16
"BP","GO:0022404","molting cycle process","7/232","102/18860",0.0686274509803922,5.5789384719405,5.17477934566015,0.000266933750471813,0.00970557269270018,0.0078633983851829,"INHBA/CDH3/FOXQ1/SOX9/WNT5A/SNAI1/LGR5",7
"BP","GO:0022405","hair cycle process","7/232","102/18860",0.0686274509803922,5.5789384719405,5.17477934566015,0.000266933750471813,0.00970557269270018,0.0078633983851829,"INHBA/CDH3/FOXQ1/SOX9/WNT5A/SNAI1/LGR5",7
"BP","GO:0001704","formation of primary germ layer","8/232","135/18860",0.0592592592592593,4.81736909323116,4.96752809583229,0.000269494600514987,0.00970557269270018,0.0078633983851829,"INHBA/COL12A1/COL7A1/COL8A1/DUSP4/WNT5A/SNAI1/LEF1",8
"BP","GO:0010463","mesenchymal cell proliferation","5/232","47/18860",0.106382978723404,8.64820249449743,5.85867608192093,0.000271620431054595,0.00970557269270018,0.0078633983851829,"SOX9/WNT5A/MSX1/MYC/PRRX1",5
"BP","GO:0060900","embryonic camera-type eye formation","3/232","11/18860",0.272727272727273,22.1708463949843,7.83809665364195,0.000281857977050997,0.00970557269270018,0.0078633983851829,"STRA6/WNT5A/TWIST1",3
"BP","GO:0090673","endothelial cell-matrix adhesion","3/232","11/18860",0.272727272727273,22.1708463949843,7.83809665364195,0.000281857977050997,0.00970557269270018,0.0078633983851829,"MMP12/FUT1/LEF1",3
"BP","GO:1901329","regulation of odontoblast differentiation","3/232","11/18860",0.272727272727273,22.1708463949843,7.83809665364195,0.000281857977050997,0.00970557269270018,0.0078633983851829,"MSX1/SERPINE1/LEF1",3
"BP","GO:0042471","ear morphogenesis","8/232","136/18860",0.0588235294117647,4.78194726166329,4.93975960604796,0.000283353493535039,0.00970557269270018,0.0078633983851829,"CTHRC1/SOX9/WNT5A/TWIST1/MSX1/EDNRA/MYC/PRRX1",8
"BP","GO:0048706","embryonic skeletal system development","8/232","136/18860",0.0588235294117647,4.78194726166329,4.93975960604796,0.000283353493535039,0.00970557269270018,0.0078633983851829,"COL1A1/MDFI/SULF1/WNT5A/TWIST1/MTHFD1L/EDNRA/PRRX1",8
"BP","GO:0001701","in utero embryonic development","15/232","429/18860",0.034965034965035,2.84241620448517,4.30786563872529,0.00029042592800735,0.00971341635741543,0.00786975327658485,"MDFI/SALL4/XRCC2/FKBP10/GINS1/TWIST1/DIAPH3/BYSL/MSX1/EDNRA/SNAI1/PSPH/FOSL1/ASCL2/LEF1",15
"BP","GO:0033674","positive regulation of kinase activity","8/232","137/18860",0.0583941605839416,4.7470425371256,4.91226057558694,0.000297789625266005,0.00971341635741543,0.00786975327658485,"CEMIP/CHI3L1/EREG/KIF14/TPX2/ECT2/WNT5A/CRIPTO",8
"BP","GO:0007094","mitotic spindle assembly checkpoint signaling","5/232","48/18860",0.104166666666667,8.4680316091954,5.78135302262041,0.000300195188616642,0.00971341635741543,0.00786975327658485,"TRIP13/SKA3/NUF2/BUB1B/MAD2L1",5
"BP","GO:0071173","spindle assembly checkpoint signaling","5/232","48/18860",0.104166666666667,8.4680316091954,5.78135302262041,0.000300195188616642,0.00971341635741543,0.00786975327658485,"TRIP13/SKA3/NUF2/BUB1B/MAD2L1",5
"BP","GO:0071174","mitotic spindle checkpoint signaling","5/232","48/18860",0.104166666666667,8.4680316091954,5.78135302262041,0.000300195188616642,0.00971341635741543,0.00786975327658485,"TRIP13/SKA3/NUF2/BUB1B/MAD2L1",5
"BP","GO:0061326","renal tubule development","7/232","104/18860",0.0673076923076923,5.47165119363395,5.10310712527735,0.000300769306260283,0.00971341635741543,0.00786975327658485,"KIF26B/SOX9/COL4A1/AGT/TACSTD2/LGR5/MYC",7
"BP","GO:0002053","positive regulation of mesenchymal cell proliferation","4/232","27/18860",0.148148148148148,12.0434227330779,6.40834720539718,0.000313482632912726,0.0100284868698779,0.00812502156804583,"SOX9/WNT5A/MYC/PRRX1",4
"BP","GO:0031577","spindle checkpoint signaling","5/232","49/18860",0.102040816326531,8.29521463757917,5.70624455503222,0.000330991500600713,0.0104896465283833,0.00849865043352544,"TRIP13/SKA3/NUF2/BUB1B/MAD2L1",5
"BP","GO:0043549","regulation of kinase activity","11/232","256/18860",0.04296875,3.4930630387931,4.48198383017397,0.000344068850202461,0.010644249520134,0.00862390887567706,"CEMIP/TRIB3/CHI3L1/EREG/KIF14/TPX2/ECT2/WNT5A/CDC6/AGT/CRIPTO",11
"BP","GO:1905818","regulation of chromosome separation","6/232","76/18860",0.0789473684210526,6.41787658802178,5.28155823333174,0.000346266920093535,0.010644249520134,0.00862390887567706,"TRIP13/UBE2C/SKA3/NUF2/BUB1B/MAD2L1",6
"BP","GO:0030856","regulation of epithelial cell differentiation","9/232","177/18860",0.0508474576271186,4.13354763296318,4.67433501042274,0.000353283510949164,0.010644249520134,0.00862390887567706,"ETV4/SOX9/SFRP4/CYP27B1/MSX1/SERPINE1/GRHL1/PKP1/LEF1",9
"BP","GO:0033045","regulation of sister chromatid segregation","7/232","107/18860",0.0654205607476635,5.31824041250403,4.99900461357616,0.000357898779043924,0.010644249520134,0.00862390887567706,"TRIP13/UBE2C/SKA3/NUF2/CDC6/BUB1B/MAD2L1",7
"BP","GO:0090596","sensory organ morphogenesis","12/232","300/18860",0.04,3.25172413793103,4.38739799927002,0.000357935388913945,0.010644249520134,0.00862390887567706,"CTHRC1/MFAP2/FJX1/COL8A1/SOX9/STRA6/WNT5A/TWIST1/MSX1/EDNRA/MYC/PRRX1",12
"BP","GO:0033046","negative regulation of sister chromatid segregation","5/232","50/18860",0.1,8.12931034482759,5.63324101649423,0.000364120596973031,0.010644249520134,0.00862390887567706,"TRIP13/SKA3/NUF2/BUB1B/MAD2L1",5
"BP","GO:0033048","negative regulation of mitotic sister chromatid segregation","5/232","50/18860",0.1,8.12931034482759,5.63324101649423,0.000364120596973031,0.010644249520134,0.00862390887567706,"TRIP13/SKA3/NUF2/BUB1B/MAD2L1",5
"BP","GO:0045841","negative regulation of mitotic metaphase/anaphase transition","5/232","50/18860",0.1,8.12931034482759,5.63324101649423,0.000364120596973031,0.010644249520134,0.00862390887567706,"TRIP13/SKA3/NUF2/BUB1B/MAD2L1",5
"BP","GO:2000816","negative regulation of mitotic sister chromatid separation","5/232","50/18860",0.1,8.12931034482759,5.63324101649423,0.000364120596973031,0.010644249520134,0.00862390887567706,"TRIP13/SKA3/NUF2/BUB1B/MAD2L1",5
"BP","GO:0007056","spindle assembly involved in female meiosis","3/232","12/18860",0.25,20.323275862069,7.47237998528864,0.000372403497226465,0.0107018666024995,0.00867058989974195,"SKA3/AURKA/DCAF13",3
"BP","GO:0060601","lateral sprouting from an epithelium","3/232","12/18860",0.25,20.323275862069,7.47237998528864,0.000372403497226465,0.0107018666024995,0.00867058989974195,"SULF1/WNT5A/CELSR1",3
"BP","GO:0060485","mesenchyme development","13/232","347/18860",0.037463976945245,3.04556295339362,4.29199685050176,0.000384094678745087,0.010945084501047,0.00886764362250931,"COL1A1/PDPN/SOX9/LOXL2/WNT5A/SLC39A10/TWIST1/MSX1/EDNRA/SNAI1/AGT/MYC/LEF1",13
"BP","GO:0030216","keratinocyte differentiation","9/232","180/18860",0.05,4.06465517241379,4.61051713602364,0.000399557333601469,0.0112908243186882,0.00914776000613889,"CDH3/ETV4/EREG/WNT5A/KRT80/CYP27B1/KRT7/GRHL1/PKP1",9
"BP","GO:0045787","positive regulation of cell cycle","13/232","349/18860",0.0372492836676218,3.02810987056615,4.2678530735956,0.000405611167422722,0.0113671691630616,0.00920961415374776,"CDC25B/EREG/KIF14/UBE2C/ECT2/SKA3/WNT5A/CDC6/AURKA/MSX1/MAD2L1/MTBP/LEF1",13
"BP","GO:0032506","cytokinetic process","5/232","52/18860",0.0961538461538462,7.81664456233422,5.49314700005516,0.000437833032473886,0.0119733210735399,0.00970071489606827,"ANLN/KIF20A/IQGAP3/CEP55/ECT2",5
"BP","GO:1902100","negative regulation of metaphase/anaphase transition of cell cycle","5/232","52/18860",0.0961538461538462,7.81664456233422,5.49314700005516,0.000437833032473886,0.0119733210735399,0.00970071489606827,"TRIP13/SKA3/NUF2/BUB1B/MAD2L1",5
"BP","GO:1905819","negative regulation of chromosome separation","5/232","52/18860",0.0961538461538462,7.81664456233422,5.49314700005516,0.000437833032473886,0.0119733210735399,0.00970071489606827,"TRIP13/SKA3/NUF2/BUB1B/MAD2L1",5
"BP","GO:0048562","embryonic organ morphogenesis","12/232","308/18860",0.038961038961039,3.16726377071205,4.27968662650274,0.000453140372570369,0.012292792027089,0.00995954839923086,"CTHRC1/MFAP2/MDFI/SOX9/STRA6/WNT5A/TWIST1/MTHFD1L/MSX1/EDNRA/MYC/PRRX1",12
"BP","GO:0001649","osteoblast differentiation","11/232","265/18860",0.0415094339622641,3.37443070917371,4.34414741428713,0.000460477200022769,0.0123926840101366,0.0100404803012484,"CTHRC1/COL1A1/CCN4/SOX9/TWIST1/DDX21/SNAI1/SPP1/TNFAIP6/IFITM1/LEF1",11
"BP","GO:0045606","positive regulation of epidermal cell differentiation","4/232","30/18860",0.133333333333333,10.8390804597701,6.01880381368295,0.000475571465148255,0.0125137808554215,0.0101385922589672,"ETV4/SFRP4/CYP27B1/PKP1",4
"BP","GO:0060512","prostate gland morphogenesis","4/232","30/18860",0.133333333333333,10.8390804597701,6.01880381368295,0.000475571465148255,0.0125137808554215,0.0101385922589672,"SOX9/SULF1/WNT5A/SERPINB5",4
"BP","GO:0051985","negative regulation of chromosome segregation","5/232","53/18860",0.0943396226415094,7.66916070266753,5.4258722351161,0.000478649595798977,0.0125137808554215,0.0101385922589672,"TRIP13/SKA3/NUF2/BUB1B/MAD2L1",5
"BP","GO:0007144","female meiosis I","3/232","13/18860",0.230769230769231,18.7599469496021,7.14845904107943,0.000479737986200174,0.0125137808554215,0.0101385922589672,"TRIP13/CDC25B/AURKA",3
"BP","GO:0042060","wound healing","15/232","453/18860",0.033112582781457,2.69182461749258,4.06755227381091,0.000513667420023211,0.0132965360404482,0.0107727759442393,"CLDN1/FAP/PLAU/PDPN/AJUBA/CCN4/TNFRSF12A/SLC7A11/EREG/FKBP10/WNT5A/MMP12/SERPINE1/SLC11A1/GPR4",15
"BP","GO:0001503","ossification","15/232","455/18860",0.032967032967033,2.67999242137173,4.04823129693556,0.000537578491621217,0.0138100656446026,0.0111888346342215,"CTHRC1/COL1A1/ADAMTS12/CCN4/SOX9/WNT5A/TWIST1/CYP27B1/DDX21/SNAI1/STC1/SPP1/TNFAIP6/IFITM1/LEF1",15
"BP","GO:0051304","chromosome separation","6/232","83/18860",0.072289156626506,5.87660988782717,4.96894472940049,0.000556691813957491,0.0141935484295478,0.0114995301498144,"TRIP13/UBE2C/SKA3/NUF2/BUB1B/MAD2L1",6
"BP","GO:0060688","regulation of morphogenesis of a branching structure","5/232","55/18860",0.0909090909090909,7.39028213166144,5.29645048654879,0.000568801575233586,0.0143940756837096,0.0116619961615056,"SOX9/SULF1/WNT5A/AGT/TACSTD2",5
"BP","GO:0051302","regulation of cell division","9/232","190/18860",0.0473684210526316,3.85072595281307,4.40737819905778,0.000591284080036062,0.014852180114091,0.0120331496989795,"CDC25B/KIF20A/EREG/KIF14/ECT2/CDC6/AURKA/MACC1/MYC",9
"BP","GO:0061029","eyelid development in camera-type eye","3/232","14/18860",0.214285714285714,17.4199507389163,6.8587738343706,0.00060504655088258,0.0150416556646413,0.0121866616848667,"INHBA/STRA6/TWIST1",3
"BP","GO:0001736","establishment of planar polarity","4/232","32/18860",0.125,10.1616379310345,5.78850252173996,0.000612134615665144,0.0150416556646413,0.0121866616848667,"CTHRC1/WNT5A/SAPCD2/CELSR1",4
"BP","GO:0007164","establishment of tissue polarity","4/232","32/18860",0.125,10.1616379310345,5.78850252173996,0.000612134615665144,0.0150416556646413,0.0121866616848667,"CTHRC1/WNT5A/SAPCD2/CELSR1",4
"BP","GO:1902895","positive regulation of miRNA transcription","5/232","56/18860",0.0892857142857143,7.25831280788177,5.23415243986964,0.000618381995356256,0.0150858514118925,0.0122224688215057,"APLN/NOTCH3/AGT/MYC/FOSL1",5
"BP","GO:2001235","positive regulation of apoptotic signaling pathway","8/232","154/18860",0.051948051948052,4.2230183609494,4.48180423964364,0.000650431583536603,0.015754382141233,0.0127641085190266,"INHBA/TNFRSF12A/WNT5A/PMAIP1/MSX1/AGT/RNF183/MYC",8
"BP","GO:0033047","regulation of mitotic sister chromatid segregation","5/232","57/18860",0.087719298245614,7.13097398669086,5.17336995263275,0.000671131723338289,0.016026814604508,0.0129848317117341,"TRIP13/SKA3/NUF2/BUB1B/MAD2L1",5
"BP","GO:0048146","positive regulation of fibroblast proliferation","5/232","57/18860",0.087719298245614,7.13097398669086,5.17336995263275,0.000671131723338289,0.016026814604508,0.0129848317117341,"EREG/WNT5A/CDC6/AGT/MYC",5
"BP","GO:0002062","chondrocyte differentiation","7/232","119/18860",0.0588235294117647,4.78194726166329,4.61862579597678,0.000679117421017779,0.0161041061165824,0.0130474528439927,"ADAMTS12/TGFBI/CCN4/SOX9/SULF1/LOXL2/SERPINH1",7
"BP","GO:0060325","face morphogenesis","4/232","33/18860",0.121212121212121,9.85370950888192,5.6808312062474,0.000689899752602167,0.0162461809796802,0.0131625610693834,"COL1A1/STRA6/MSX1/LEF1",4
"BP","GO:0030177","positive regulation of Wnt signaling pathway","8/232","156/18860",0.0512820512820513,4.16887709991158,4.43527606083883,0.000707947092849461,0.0165561971851898,0.0134137343908319,"CDH3/COL1A1/CCN4/SULF1/WNT5A/SFRP4/LGR5/LEF1",8
"BP","GO:0090306","meiotic spindle assembly","3/232","15/18860",0.2,16.2586206896552,6.59755537176242,0.000749463463762824,0.0172886435756445,0.0140071581841817,"SKA3/AURKA/DCAF13",3
"BP","GO:0097152","mesenchymal cell apoptotic process","3/232","15/18860",0.2,16.2586206896552,6.59755537176242,0.000749463463762824,0.0172886435756445,0.0140071581841817,"SOX9/MSX1/EDNRA",3
"BP","GO:0071456","cellular response to hypoxia","8/232","159/18860",0.050314465408805,4.09021904142269,4.3669238557287,0.00080183980406735,0.0183506656968721,0.0148676023122619,"INHBA/STC2/AJUBA/TWIST1/PMAIP1/HILPDA/STC1/MYC",8
"BP","GO:2000243","positive regulation of reproductive process","6/232","89/18860",0.0674157303370786,5.4804339403332,4.72815369032154,0.000806325328467691,0.0183506656968721,0.0148676023122619,"INHBA/CDC25B/SOX9/WNT5A/AURKA/MSX1",6
"BP","GO:1901796","regulation of signal transduction by p53 class mediator","7/232","123/18860",0.0569105691056911,4.6264367816092,4.50300932541828,0.000826218564032715,0.0186780476708996,0.0151328452780729,"TWIST1/PMAIP1/AURKA/MSX1/SNAI1/RRS1/MYC",7
"BP","GO:0060135","maternal process involved in female pregnancy","5/232","60/18860",0.0833333333333333,6.77442528735632,4.99948966815021,0.000849674022636637,0.0188236731148504,0.015250830163361,"STC2/CYP27B1/STC1/SPP1/DCAF13",5
"BP","GO:0001843","neural tube closure","6/232","90/18860",0.0666666666666667,5.41954022988506,4.69014660346495,0.000855183732963529,0.0188236731148504,0.015250830163361,"CTHRC1/SALL4/WNT5A/TWIST1/MTHFD1L/CELSR1",6
"BP","GO:0000462","maturation of SSU-rRNA from tricistronic rRNA transcript (SSU-rRNA, 5.8S rRNA, LSU-rRNA)","4/232","35/18860",0.114285714285714,9.29064039408867,5.47866588455872,0.00086596667824142,0.0188236731148504,0.015250830163361,"BYSL/RPP40/RRS1/DCAF13",4
"BP","GO:0010464","regulation of mesenchymal cell proliferation","4/232","35/18860",0.114285714285714,9.29064039408867,5.47866588455872,0.00086596667824142,0.0188236731148504,0.015250830163361,"SOX9/WNT5A/MYC/PRRX1",4
"BP","GO:0045684","positive regulation of epidermis development","4/232","35/18860",0.114285714285714,9.29064039408867,5.47866588455872,0.00086596667824142,0.0188236731148504,0.015250830163361,"ETV4/SFRP4/CYP27B1/PKP1",4
"BP","GO:0060351","cartilage development involved in endochondral bone morphogenesis","4/232","35/18860",0.114285714285714,9.29064039408867,5.47866588455872,0.00086596667824142,0.0188236731148504,0.015250830163361,"COL1A1/SOX9/SERPINH1/STC1",4
"BP","GO:0060606","tube closure","6/232","91/18860",0.0659340659340659,5.35998484274346,4.65270284809087,0.000906293277460303,0.0193726442911833,0.0156956034083995,"CTHRC1/SALL4/WNT5A/TWIST1/MTHFD1L/CELSR1",6
"BP","GO:0043455","regulation of secondary metabolic process","3/232","16/18860",0.1875,15.2424568965517,6.36031412731589,0.000914073455201809,0.0193726442911833,0.0156956034083995,"CDH3/SLC7A11/WNT5A",3
"BP","GO:0048021","regulation of melanin biosynthetic process","3/232","16/18860",0.1875,15.2424568965517,6.36031412731589,0.000914073455201809,0.0193726442911833,0.0156956034083995,"CDH3/SLC7A11/WNT5A",3
"BP","GO:1900376","regulation of secondary metabolite biosynthetic process","3/232","16/18860",0.1875,15.2424568965517,6.36031412731589,0.000914073455201809,0.0193726442911833,0.0156956034083995,"CDH3/SLC7A11/WNT5A",3
"BP","GO:0042325","regulation of phosphorylation","14/232","431/18860",0.0324825986078886,2.64061124889991,3.84515315846016,0.000945381044836967,0.0194875512996535,0.015788700396435,"INHBA/CEMIP/TRIB3/CHI3L1/APLN/EREG/KIF14/TPX2/ECT2/WNT5A/RIPK2/CDC6/AGT/CRIPTO",14
"BP","GO:0007369","gastrulation","9/232","203/18860",0.0443349753694581,3.60412773908612,4.16303061711263,0.000947107383582547,0.0194875512996535,0.015788700396435,"INHBA/COL12A1/COL7A1/COL8A1/APLN/DUSP4/WNT5A/SNAI1/LEF1",9
"BP","GO:0030324","lung development","9/232","203/18860",0.0443349753694581,3.60412773908612,4.16303061711263,0.000947107383582547,0.0194875512996535,0.015788700396435,"CHI3L1/PDPN/SLC7A11/SOX9/STRA6/WNT5A/MMP12/EVA1A/CELSR1",9
"BP","GO:0001838","embryonic epithelial tube formation","7/232","126/18860",0.0555555555555556,4.51628352490421,4.41950987390232,0.000952211691126054,0.0194875512996535,0.015788700396435,"CTHRC1/SALL4/SOX9/WNT5A/TWIST1/MTHFD1L/CELSR1",7
"BP","GO:0061640","cytoskeleton-dependent cytokinesis","7/232","126/18860",0.0555555555555556,4.51628352490421,4.41950987390232,0.000952211691126054,0.0194875512996535,0.015788700396435,"ANLN/KIF20A/IQGAP3/CEP55/ECT2/CKAP2/KIF4A",7
"BP","GO:0033273","response to vitamin","6/232","92/18860",0.0652173913043478,5.30172413793103,4.61580741782939,0.000959723110304375,0.0194875512996535,0.015788700396435,"COL1A1/STC2/PDX1/CYP27B1/STC1/SPP1",6
"BP","GO:0060021","roof of mouth development","6/232","92/18860",0.0652173913043478,5.30172413793103,4.61580741782939,0.000959723110304375,0.0194875512996535,0.015788700396435,"INHBA/WNT5A/MSX1/SNAI1/PRRX1/LEF1",6
"BP","GO:0022411","cellular component disassembly","15/232","483/18860",0.031055900621118,2.52463054187192,3.78809691258246,0.00098630260382602,0.0197790865617059,0.0160249005652896,"MMP7/MMP3/MMP11/MMP1/FAP/PDPN/TPX2/SPTBN2/MMP12/CKAP2/DIAPH3/ATAD2/AURKA/TOP2A/MYC",15
"BP","GO:0001706","endoderm formation","5/232","62/18860",0.0806451612903226,6.55589543937709,4.89006119527217,0.000986917658739719,0.0197790865617059,0.0160249005652896,"INHBA/COL12A1/COL7A1/COL8A1/DUSP4",5
"BP","GO:0042303","molting cycle","7/232","127/18860",0.0551181102362205,4.48072223730654,4.39225726471238,0.000997411914494752,0.0197790865617059,0.0160249005652896,"INHBA/CDH3/FOXQ1/SOX9/WNT5A/SNAI1/LGR5",7
"BP","GO:0042633","hair cycle","7/232","127/18860",0.0551181102362205,4.48072223730654,4.39225726471238,0.000997411914494752,0.0197790865617059,0.0160249005652896,"INHBA/CDH3/FOXQ1/SOX9/WNT5A/SNAI1/LGR5",7
"BP","GO:0010717","regulation of epithelial to mesenchymal transition","7/232","128/18860",0.0546875,4.44571659482759,4.36528570077702,0.00104428365593998,0.0205283401231932,0.0166319414305776,"COL1A1/PDPN/LOXL2/TWIST1/SNAI1/AGT/LEF1",7
"BP","GO:2000241","regulation of reproductive process","9/232","206/18860",0.0436893203883495,3.55164044191496,4.10948414176952,0.00104996151376734,0.0205283401231932,0.0166319414305776,"INHBA/TRIP13/CDC25B/SOX9/SULF1/WNT5A/AURKA/MSX1/SNAI1",9
"BP","GO:0045604","regulation of epidermal cell differentiation","5/232","63/18860",0.0793650793650794,6.45183360700602,4.83714164069749,0.00106140299257595,0.0205283401231932,0.0166319414305776,"ETV4/SFRP4/CYP27B1/GRHL1/PKP1",5
"BP","GO:0006270","DNA replication initiation","4/232","37/18860",0.108108108108108,8.78844361602982,5.29209131327542,0.00107151760595848,0.0205283401231932,0.0166319414305776,"TICRR/ORC6/CDC6/MCM10",4
"BP","GO:0048048","embryonic eye morphogenesis","4/232","37/18860",0.108108108108108,8.78844361602982,5.29209131327542,0.00107151760595848,0.0205283401231932,0.0166319414305776,"MFAP2/STRA6/WNT5A/TWIST1",4
"BP","GO:0090183","regulation of kidney development","4/232","37/18860",0.108108108108108,8.78844361602982,5.29209131327542,0.00107151760595848,0.0205283401231932,0.0166319414305776,"SOX9/AGT/TACSTD2/MYC",4
"BP","GO:0030323","respiratory tube development","9/232","207/18860",0.0434782608695652,3.53448275862069,4.09185633154913,0.001086190875212,0.0206442139359513,0.0167258217178081,"CHI3L1/PDPN/SLC7A11/SOX9/STRA6/WNT5A/MMP12/EVA1A/CELSR1",9
"BP","GO:0034341","response to type II interferon","7/232","129/18860",0.0542635658914729,4.41125367548784,4.33858987000909,0.0010928698750262,0.0206442139359513,0.0167258217178081,"CLDN1/WNT5A/CYP27B1/IFITM3/SLC11A1/IFITM1/CRIPTO",7
"BP","GO:0051917","regulation of fibrinolysis","3/232","17/18860",0.176470588235294,14.3458417849899,6.14349652110332,0.00109991297915103,0.0206442139359513,0.0167258217178081,"FAP/PLAU/SERPINE1",3
"BP","GO:0036294","cellular response to decreased oxygen levels","8/232","167/18860",0.0479041916167665,3.89428040470783,4.19256249464646,0.00110191764152379,0.0206442139359513,0.0167258217178081,"INHBA/STC2/AJUBA/TWIST1/PMAIP1/HILPDA/STC1/MYC",8
"BP","GO:0043200","response to amino acid","7/232","130/18860",0.0538461538461538,4.37732095490716,4.3121646019135,0.00114321405798053,0.021300213574791,0.0172573087988963,"MMP3/COL1A1/GRIN2D/SLC7A5/COL4A1/PDX1/FUT1",7
"BP","GO:0007051","spindle organization","9/232","209/18860",0.0430622009569378,3.50065995710279,4.0569245413355,0.00116168785558999,0.0215261394442932,0.0174403526205917,"TPX2/UHRF1/SKA3/NUF2/AURKA/KIF4A/CEP72/MZT1/DCAF13",9
"BP","GO:1902410","mitotic cytokinetic process","4/232","38/18860",0.105263157894737,8.55716878402904,5.20401145466043,0.00118613850596787,0.0218597590963969,0.0177106493167971,"KIF20A/IQGAP3/CEP55/ECT2",4
"BP","GO:0032465","regulation of cytokinesis","6/232","96/18860",0.0625,5.08081896551724,4.47342789294158,0.00119805856664515,0.0219600897269931,0.0177919366084999,"CDC25B/KIF20A/KIF14/ECT2/CDC6/AURKA",6
"BP","GO:2000630","positive regulation of miRNA metabolic process","5/232","65/18860",0.0769230769230769,6.25331564986737,4.73466458430444,0.00122277846963839,0.0222926977986225,0.0180614137281053,"APLN/NOTCH3/AGT/MYC/FOSL1",5
"BP","GO:1902850","microtubule cytoskeleton organization involved in mitosis","8/232","170/18860",0.0470588235294118,3.82555780933063,4.12994449772711,0.00123521006832835,0.0223366202268481,0.0180969994232639,"TPX2/UHRF1/NUF2/SAPCD2/AURKA/KIF4A/MAD2L1/MZT1",8
"BP","GO:0042327","positive regulation of phosphorylation","10/232","254/18860",0.0393700787401575,3.20051588379039,3.94035241558741,0.00123836172298657,0.0223366202268481,0.0180969994232639,"CEMIP/CHI3L1/APLN/EREG/KIF14/TPX2/ECT2/WNT5A/RIPK2/CRIPTO",10
"BP","GO:0014020","primary neural tube formation","6/232","97/18860",0.0618556701030928,5.02843938855315,4.43906771149035,0.00126415705676876,0.0226812517434013,0.0183762178678165,"CTHRC1/SALL4/WNT5A/TWIST1/MTHFD1L/CELSR1",6
"BP","GO:0009913","epidermal cell differentiation","10/232","255/18860",0.0392156862745098,3.18796484110886,3.9256881774292,0.0012753225001702,0.0227611505161955,0.0184409513875026,"CDH3/ETV4/EREG/WNT5A/KRT80/SFRP4/CYP27B1/KRT7/GRHL1/PKP1",10
"BP","GO:0140694","membraneless organelle assembly","14/232","446/18860",0.031390134529148,2.55180145353332,3.70126109578537,0.00130792125491219,0.0228818489740061,0.0185387405740135,"ANLN/TPX2/UHRF1/SKA3/DIAPH3/AURKA/SQLE/CENPW/KIF4A/RRS1/CEP72/MZT1/DCAF13/NEBL",14
"BP","GO:0071895","odontoblast differentiation","3/232","18/18860",0.166666666666667,13.5488505747126,5.94424784308583,0.00130797145278206,0.0228818489740061,0.0185387405740135,"MSX1/SERPINE1/LEF1",3
"BP","GO:0032147","activation of protein kinase activity","4/232","39/18860",0.102564102564103,8.33775419982316,5.1191083742913,0.00130907658536042,0.0228818489740061,0.0185387405740135,"CHI3L1/KIF14/TPX2/ECT2",4
"BP","GO:0043516","regulation of DNA damage response, signal transduction by p53 class mediator","4/232","39/18860",0.102564102564103,8.33775419982316,5.1191083742913,0.00130907658536042,0.0228818489740061,0.0185387405740135,"TWIST1/PMAIP1/MSX1/SNAI1",4
"BP","GO:0051983","regulation of chromosome segregation","7/232","134/18860",0.0522388059701493,4.24665465774575,4.20907043655875,0.00136305821501572,0.023703232857017,0.0192042210050798,"TRIP13/UBE2C/SKA3/NUF2/CDC6/BUB1B/MAD2L1",7
"BP","GO:0060675","ureteric bud morphogenesis","5/232","67/18860",0.0746268656716418,6.06664951106536,4.63639485534854,0.00140161073484363,0.0241791648241542,0.0195898183088493,"KIF26B/SOX9/AGT/TACSTD2/MYC",5
"BP","GO:0051781","positive regulation of cell division","6/232","99/18860",0.0606060606060606,4.92685475444096,4.37174328496445,0.00140468754655216,0.0241791648241542,0.0195898183088493,"CDC25B/EREG/KIF14/ECT2/CDC6/MACC1",6
"BP","GO:0060323","head morphogenesis","4/232","40/18860",0.1,8.12931034482759,5.03718515183349,0.00144064610979188,0.0246728836277993,0.0199898264038108,"COL1A1/STRA6/MSX1/LEF1",4
"BP","GO:0007093","mitotic cell cycle checkpoint signaling","7/232","136/18860",0.0514705882352941,4.18420385395537,4.1590219236091,0.00148469629589335,0.0252995233134389,0.0204975262220663,"TRIP13/TICRR/SKA3/NUF2/CDC6/BUB1B/MAD2L1",7
"BP","GO:0072171","mesonephric tubule morphogenesis","5/232","68/18860",0.0735294117647059,5.97743407707911,4.58874241165227,0.00149792088007273,0.0253972485216332,0.020576702615736,"KIF26B/SOX9/AGT/TACSTD2/MYC",5
"BP","GO:0051225","spindle assembly","7/232","137/18860",0.0510948905109489,4.1536622199849,4.13435674627639,0.00154860665508097,0.0261259958576098,0.0211671294567234,"TPX2/UHRF1/SKA3/AURKA/KIF4A/MZT1/DCAF13",7
"BP","GO:0003203","endocardial cushion morphogenesis","4/232","41/18860",0.0975609756097561,7.93103448275862,4.95806167526364,0.00158116026082326,0.0265117970166967,0.0214797033055234,"SOX9/TWIST1/MSX1/SNAI1",4
"BP","GO:0030111","regulation of Wnt signaling pathway","12/232","356/18860",0.0337078651685393,2.7402169701666,3.69926800821006,0.00158711141090812,0.0265117970166967,0.0214797033055234,"CDH3/CTHRC1/COL1A1/MDFI/CCN4/SOX9/NKD2/SULF1/WNT5A/SFRP4/LGR5/LEF1",12
"BP","GO:0035567","non-canonical Wnt signaling pathway","5/232","69/18860",0.072463768115942,5.89080459770115,4.54203126095733,0.00159901430874262,0.0265796937301285,0.0215347128267194,"CTHRC1/WNT5A/SFRP4/CELSR1/CELSR3",5
"BP","GO:0035270","endocrine system development","7/232","138/18860",0.0507246376811594,4.1235632183908,4.10992532399048,0.00161464099905951,0.0267021524425376,0.0216339281612389,"SOX9/STRA6/WNT5A/PDX1/TG/MSX1/EDNRA",7
"BP","GO:2001233","regulation of apoptotic signaling pathway","13/232","406/18860",0.0320197044334975,2.60298114489553,3.64389941804042,0.0016221301690247,0.0267021524425376,0.0216339281612389,"INHBA/TNFRSF12A/WNT5A/PMAIP1/DDIAS/PDX1/PYCR1/MSX1/SNAI1/AGT/SERPINE1/RNF183/MYC",13
"BP","GO:0072175","epithelial tube formation","7/232","139/18860",0.0503597122302158,4.09389729595634,4.08572356497275,0.00168284723429353,0.0275678017946346,0.0223352722171682,"CTHRC1/SALL4/SOX9/WNT5A/TWIST1/MTHFD1L/CELSR1",7
"BP","GO:0045616","regulation of keratinocyte differentiation","4/232","42/18860",0.0952380952380952,7.74220032840722,4.88157283536404,0.00173093084801649,0.0282191658924226,0.0228630036099344,"ETV4/CYP27B1/GRHL1/PKP1",4
"BP","GO:0050679","positive regulation of epithelial cell proliferation","9/232","222/18860",0.0405405405405405,3.29566635601118,3.8397753042656,0.0017622521695527,0.0285923306552785,0.0231653395242133,"CDH3/CLDN1/APLN/SOX9/IQGAP3/WNT5A/MMP12/PDX1/MYC",9
"BP","GO:0045682","regulation of epidermis development","5/232","71/18860",0.0704225352112676,5.72486644001943,4.45130226348308,0.00181611758621629,0.0293259749279021,0.0237597338347093,"ETV4/SFRP4/CYP27B1/GRHL1/PKP1",5
"BP","GO:0033280","response to vitamin D","4/232","43/18860",0.0930232558139535,7.56214915797915,4.807566952015,0.00189026803345641,0.030264007567507,0.0245197224079819,"STC2/CYP27B1/STC1/SPP1",4
"BP","GO:0001841","neural tube formation","6/232","105/18860",0.0571428571428571,4.64532019704434,4.18015133746064,0.00189842565215648,0.030264007567507,0.0245197224079819,"CTHRC1/SALL4/WNT5A/TWIST1/MTHFD1L/CELSR1",6
"BP","GO:0030879","mammary gland development","7/232","142/18860",0.0492957746478873,4.0074065080136,4.01445684813606,0.00190098307634296,0.030264007567507,0.0245197224079819,"APLN/SOX9/IQGAP3/WNT5A/MSX1/LEF1/CRIPTO",7
"BP","GO:0071453","cellular response to oxygen levels","8/232","183/18860",0.0437158469945355,3.55379687205578,3.87416884424237,0.00196858350661978,0.0311937694904097,0.0252730100948235,"INHBA/STC2/AJUBA/TWIST1/PMAIP1/HILPDA/STC1/MYC",8
"BP","GO:0010639","negative regulation of organelle organization","12/232","367/18860",0.0326975476839237,2.65808512637414,3.57978034263823,0.00204454126750014,0.031833580386481,0.0257913811509462,"TRIP13/TPX2/SPTBN2/SKA3/NUF2/CKAP2/DIAPH3/BUB1B/TACSTD2/MAD2L1/MET/MTBP",12
"BP","GO:1901987","regulation of cell cycle phase transition","14/232","468/18860",0.0299145299145299,2.43184497494842,3.50045625907889,0.00204520911479227,0.031833580386481,0.0257913811509462,"INHBA/TRIP13/ANLN/CDC25B/TICRR/KIF14/UBE2C/SKA3/NUF2/CDC6/AURKA/BUB1B/MAD2L1/MTBP",14
"BP","GO:1904888","cranial skeletal system development","5/232","73/18860",0.0684931506849315,5.56802078412848,4.36396231611432,0.0020540604017118,0.031833580386481,0.0257913811509462,"CEP55/TWIST1/MTHFD1L/EDNRA/PRRX1",5
"BP","GO:0001101","response to acid chemical","7/232","144/18860",0.0486111111111111,3.95174808429119,3.96802341209276,0.00205816463973696,0.031833580386481,0.0257913811509462,"MMP3/COL1A1/GRIN2D/SLC7A5/COL4A1/PDX1/FUT1",7
"BP","GO:0035455","response to interferon-alpha","3/232","21/18860",0.142857142857143,11.6133004926108,5.43064473612185,0.00207467451059048,0.031833580386481,0.0257913811509462,"IFITM3/MYC/IFITM1",3
"BP","GO:0045618","positive regulation of keratinocyte differentiation","3/232","21/18860",0.142857142857143,11.6133004926108,5.43064473612185,0.00207467451059048,0.031833580386481,0.0257913811509462,"ETV4/CYP27B1/PKP1",3
"BP","GO:0090189","regulation of branching involved in ureteric bud morphogenesis","3/232","21/18860",0.142857142857143,11.6133004926108,5.43064473612185,0.00207467451059048,0.031833580386481,0.0257913811509462,"SOX9/AGT/TACSTD2",3
"BP","GO:0001889","liver development","7/232","145/18860",0.0482758620689655,3.92449464922711,3.94511915280731,0.00214043294260533,0.0326946311188048,0.0264889994319578,"CLDN1/SOX9/SLC7A5/PCSK9/PDX1/AURKA/MET",7
"BP","GO:0044060","regulation of endocrine process","4/232","45/18860",0.0888888888888889,7.22605363984674,4.66645639095431,0.00223887304138751,0.03392629076137,0.0274868828903679,"INHBA/APLN/AGT/SPP1",4
"BP","GO:0010810","regulation of cell-substrate adhesion","9/232","230/18860",0.0391304347826087,3.18103448275862,3.71398572858363,0.00224107612224915,0.03392629076137,0.0274868828903679,"COL1A1/PLAU/PDPN/COL8A1/MMP12/SERPINE1/TACSTD2/FUT1/LEF1",9
"BP","GO:0001934","positive regulation of protein phosphorylation","9/232","231/18860",0.038961038961039,3.16726377071205,3.6986496715499,0.00230757470886161,0.0347777148344431,0.0281767017082049,"CEMIP/CHI3L1/EREG/KIF14/TPX2/ECT2/WNT5A/RIPK2/CRIPTO",9
"BP","GO:0061008","hepaticobiliary system development","7/232","148/18860",0.0472972972972973,3.84494408201305,3.87761508310194,0.00240255964881255,0.0360490255270945,0.029206710216119,"CLDN1/SOX9/SLC7A5/PCSK9/PDX1/AURKA/MET",7
"BP","GO:0061035","regulation of cartilage development","5/232","76/18860",0.0657894736842105,5.34823049001815,4.23882533532658,0.00245256378078304,0.0364765078098038,0.0295530538681612,"ADAMTS12/CCN4/SOX9/LOXL2/WNT5A",5
"BP","GO:0072078","nephron tubule morphogenesis","5/232","76/18860",0.0657894736842105,5.34823049001815,4.23882533532658,0.00245256378078304,0.0364765078098038,0.0295530538681612,"KIF26B/SOX9/AGT/TACSTD2/MYC",5
"BP","GO:0003333","amino acid transmembrane transport","6/232","111/18860",0.0540540540540541,4.39422180801491,4.002514025349,0.00251357369123713,0.0372206479781009,0.0301559518921118,"LRRC8E/SLC7A11/SLC7A5/SLC6A6/TTYH3/SLC11A1",6
"BP","GO:0045840","positive regulation of mitotic nuclear division","4/232","47/18860",0.0851063829787234,6.91856199559795,4.53373686535145,0.0026294139135756,0.0385886336648339,0.0312642859163471,"EREG/UBE2C/SKA3/AURKA",4
"BP","GO:0060071","Wnt signaling pathway, planar cell polarity pathway","4/232","47/18860",0.0851063829787234,6.91856199559795,4.53373686535145,0.0026294139135756,0.0385886336648339,0.0312642859163471,"CTHRC1/WNT5A/CELSR1/CELSR3",4
"BP","GO:0071772","response to BMP","8/232","192/18860",0.0416666666666667,3.38721264367816,3.71033422431245,0.00265147497608561,0.0385886336648339,0.0312642859163471,"ADAMTS12/SOX9/SULF1/WNT5A/SFRP4/MSX1/TNFAIP6/LEF1",8
"BP","GO:0071773","cellular response to BMP stimulus","8/232","192/18860",0.0416666666666667,3.38721264367816,3.71033422431245,0.00265147497608561,0.0385886336648339,0.0312642859163471,"ADAMTS12/SOX9/SULF1/WNT5A/SFRP4/MSX1/TNFAIP6/LEF1",8
"BP","GO:0000212","meiotic spindle organization","3/232","23/18860",0.130434782608696,10.6034482758621,5.14286896162823,0.00271303596312659,0.0389981789065491,0.0315960970823987,"SKA3/AURKA/DCAF13",3
"BP","GO:0009110","vitamin biosynthetic process","3/232","23/18860",0.130434782608696,10.6034482758621,5.14286896162823,0.00271303596312659,0.0389981789065491,0.0315960970823987,"PSAT1/CYP27B1/SNAI1",3
"BP","GO:0003018","vascular process in circulatory system","10/232","283/18860",0.0353356890459364,2.87254782502742,3.54208153289807,0.00273641086855435,0.0389981789065491,0.0315960970823987,"SLC22A3/C2CD4A/APLN/SLC7A5/PTP4A3/SLC6A6/EDNRA/AGT/SLC5A6/GPR4",10
"BP","GO:1901991","negative regulation of mitotic cell cycle phase transition","8/232","193/18860",0.0414507772020725,3.36966231909952,3.69273431005102,0.00273752277828617,0.0389981789065491,0.0315960970823987,"INHBA/TRIP13/TICRR/SKA3/NUF2/CDC6/BUB1B/MAD2L1",8
"BP","GO:0072088","nephron epithelium morphogenesis","5/232","78/18860",0.0641025641025641,5.21109637488948,4.15902730941192,0.0027476456264426,0.0389981789065491,0.0315960970823987,"KIF26B/SOX9/AGT/TACSTD2/MYC",5
"BP","GO:0002065","columnar/cuboidal epithelial cell differentiation","6/232","113/18860",0.0530973451327434,4.31644797070491,3.94608765877024,0.00274861833048223,0.0389981789065491,0.0315960970823987,"SOX9/MSX1/CCNO/SERPINE1/PKP1/LEF1",6
"BP","GO:0048144","fibroblast proliferation","6/232","114/18860",0.0526315789473684,4.27858439201452,3.91836324871997,0.00287213631917437,0.0404508642798757,0.0327730542986778,"EREG/WNT5A/CKS2/CDC6/AGT/MYC",6
"BP","GO:0060070","canonical Wnt signaling pathway","11/232","333/18860",0.033033033033033,2.68535777156467,3.46283566701706,0.00287486236846064,0.0404508642798757,0.0327730542986778,"CDH3/CTHRC1/COL1A1/SOX9/NKD2/WNT5A/SFRP4/EDNRA/SNAI1/LGR5/LEF1",11
"BP","GO:0035148","tube formation","7/232","153/18860",0.0457516339869281,3.719292314627,3.768944529339,0.00289363040345215,0.0405466970996126,0.0328506974902571,"CTHRC1/SALL4/SOX9/WNT5A/TWIST1/MTHFD1L/CELSR1",7
"BP","GO:2001242","regulation of intrinsic apoptotic signaling pathway","8/232","195/18860",0.041025641025641,3.33510167992927,3.65787881194833,0.00291615618360459,0.0406941795004246,0.032970186871163,"PMAIP1/DDIAS/PDX1/PYCR1/MSX1/SNAI1/RNF183/MYC",8
"BP","GO:0048736","appendage development","8/232","196/18860",0.0408163265306122,3.31808585503167,3.64062039547615,0.00300881597135498,0.041644469219856,0.0337401060590182,"SALL4/SLC7A11/SOX9/WNT5A/TWIST1/MSX1/PRRX1/LEF1",8
"BP","GO:0060173","limb development","8/232","196/18860",0.0408163265306122,3.31808585503167,3.64062039547615,0.00300881597135498,0.041644469219856,0.0337401060590182,"SALL4/SLC7A11/SOX9/WNT5A/TWIST1/MSX1/PRRX1/LEF1",8
"BP","GO:0071695","anatomical structure maturation","10/232","287/18860",0.0348432055749129,2.83251231527094,3.491138102966,0.00302529620429209,0.041702355401441,0.0337870051057011,"CDH3/ADAMTS12/TRIP13/CDC25B/EREG/KIF14/WNT5A/DIAPH3/AURKA/EDNRA",10
"BP","GO:1905314","semi-lunar valve development","4/232","49/18860",0.0816326530612245,6.63617171006334,4.40855762709237,0.00306428725437132,0.0418455075116046,0.0339029861103813,"SOX9/STRA6/TWIST1/SNAI1",4
"BP","GO:0072028","nephron morphogenesis","5/232","80/18860",0.0625,5.08081896551724,4.08192232730803,0.00306761201985616,0.0418455075116046,0.0339029861103813,"KIF26B/SOX9/AGT/TACSTD2/MYC",5
"BP","GO:0042438","melanin biosynthetic process","3/232","24/18860",0.125,10.1616379310345,5.01192556548211,0.00307270167218801,0.0418455075116046,0.0339029861103813,"CDH3/SLC7A11/WNT5A",3
"BP","GO:0001932","regulation of protein phosphorylation","12/232","387/18860",0.0310077519379845,2.52071638599305,3.37330182312346,0.00315136086725521,0.0427450588034497,0.034631797320152,"CEMIP/TRIB3/CHI3L1/EREG/KIF14/TPX2/ECT2/WNT5A/RIPK2/CDC6/AGT/CRIPTO",12
"BP","GO:0045930","negative regulation of mitotic cell cycle","9/232","244/18860",0.0368852459016393,2.99851611079706,3.50654639754449,0.00332370609659251,0.0447543009803039,0.0362596736123774,"INHBA/TRIP13/TICRR/SKA3/NUF2/CDC6/BUB1B/MAD2L1/MTBP",9
"BP","GO:0035107","appendage morphogenesis","7/232","157/18860",0.0445859872611465,3.62453327476389,3.68524597578636,0.00333908526924709,0.0447543009803039,0.0362596736123774,"SALL4/SOX9/WNT5A/TWIST1/MSX1/PRRX1/LEF1",7
"BP","GO:0035108","limb morphogenesis","7/232","157/18860",0.0445859872611465,3.62453327476389,3.68524597578636,0.00333908526924709,0.0447543009803039,0.0362596736123774,"SALL4/SOX9/WNT5A/TWIST1/MSX1/PRRX1/LEF1",7
"BP","GO:0006582","melanin metabolic process","3/232","25/18860",0.12,9.7551724137931,4.88846041880582,0.00346029408797823,0.0460151264797418,0.0372811870779078,"CDH3/SLC7A11/WNT5A",3
"BP","GO:0040037","negative regulation of fibroblast growth factor receptor signaling pathway","3/232","25/18860",0.12,9.7551724137931,4.88846041880582,0.00346029408797823,0.0460151264797418,0.0372811870779078,"APLN/SULF1/WNT5A",3
"BP","GO:0010171","body morphogenesis","4/232","51/18860",0.0784313725490196,6.37592968221771,4.29018502231922,0.00354584081797315,0.0461622764808248,0.037400407150492,"COL1A1/STRA6/MSX1/LEF1",4
"BP","GO:0030850","prostate gland development","4/232","51/18860",0.0784313725490196,6.37592968221771,4.29018502231922,0.00354584081797315,0.0461622764808248,0.037400407150492,"SOX9/SULF1/WNT5A/SERPINB5",4
"BP","GO:0032467","positive regulation of cytokinesis","4/232","51/18860",0.0784313725490196,6.37592968221771,4.29018502231922,0.00354584081797315,0.0461622764808248,0.037400407150492,"CDC25B/KIF14/ECT2/CDC6",4
"BP","GO:0061082","myeloid leukocyte cytokine production","4/232","51/18860",0.0784313725490196,6.37592968221771,4.29018502231922,0.00354584081797315,0.0461622764808248,0.037400407150492,"WNT5A/TWIST1/RIPK2/DDX21",4
"BP","GO:0060840","artery development","6/232","119/18860",0.0504201680672269,4.09881193856853,3.78436074490868,0.00355303867929674,0.0461622764808248,0.037400407150492,"STRA6/FKBP10/NOTCH3/EDNRA/ADAMTS6/PRRX1",6
"BP","GO:0071900","regulation of protein serine/threonine kinase activity","6/232","119/18860",0.0504201680672269,4.09881193856853,3.78436074490868,0.00355303867929674,0.0461622764808248,0.037400407150492,"CEMIP/TRIB3/WNT5A/CDC6/AGT/CRIPTO",6
"BP","GO:0048844","artery morphogenesis","5/232","83/18860",0.0602409638554217,4.89717490652264,3.97096490323235,0.00359676169731775,0.0465519805939103,0.0377161431498567,"STRA6/FKBP10/NOTCH3/EDNRA/PRRX1",5
"BP","GO:0044344","cellular response to fibroblast growth factor stimulus","6/232","120/18860",0.05,4.06465517241379,3.7584402780394,0.00370247364203545,0.0476042262944389,0.0385686664789103,"COL1A1/APLN/SULF1/WNT5A/SHCBP1/CRIPTO",6
"BP","GO:1903825","organic acid transmembrane transport","7/232","160/18860",0.04375,3.55657327586207,3.62424577261489,0.00370613852601942,0.0476042262944389,0.0385686664789103,"LRRC8E/SLC7A11/SLC7A5/SLC6A6/TTYH3/SLC11A1/SLC5A6",7
"BP","GO:0032331","negative regulation of chondrocyte differentiation","3/232","26/18860",0.115384615384615,9.37997347480106,4.77175616165431,0.00387646798302751,0.0492325952451171,0.0398879615048365,"ADAMTS12/CCN4/SOX9",3
"BP","GO:0035988","chondrocyte proliferation","3/232","26/18860",0.115384615384615,9.37997347480106,4.77175616165431,0.00387646798302751,0.0492325952451171,0.0398879615048365,"SOX9/STC1/LEF1",3
"BP","GO:0044550","secondary metabolite biosynthetic process","3/232","26/18860",0.115384615384615,9.37997347480106,4.77175616165431,0.00387646798302751,0.0492325952451171,0.0398879615048365,"CDH3/SLC7A11/WNT5A",3
"CC","GO:0031012","extracellular matrix","28/239","496/19944",0.0564516129032258,4.71075718720475,9.21662416293888,1.09381314476995e-11,1.82383991318442e-09,1.63004560264744e-09,"MMP7/CTHRC1/MFAP2/MMP3/ANOS1/MMP11/COL1A1/CHI3L1/ADAMTS12/MMP1/BGN/COL12A1/COL7A1/COL8A1/TGFBI/CCN4/SULF1/COL4A1/THBS2/LOXL2/WNT5A/MMP12/SERPINH1/VWA2/AGT/SERPINE1/ADAMTS6/MUC5AC",28
"CC","GO:0030312","external encapsulating structure","28/239","497/19944",0.0563380281690141,4.70127880252225,9.20258129701564,1.14706912778894e-11,1.82383991318442e-09,1.63004560264744e-09,"MMP7/CTHRC1/MFAP2/MMP3/ANOS1/MMP11/COL1A1/CHI3L1/ADAMTS12/MMP1/BGN/COL12A1/COL7A1/COL8A1/TGFBI/CCN4/SULF1/COL4A1/THBS2/LOXL2/WNT5A/MMP12/SERPINH1/VWA2/AGT/SERPINE1/ADAMTS6/MUC5AC",28
"CC","GO:0031528","microvillus membrane","6/239","33/19944",0.181818181818182,15.1723088626854,8.97339980155881,2.34940197477389e-06,0.000249036609326033,0.000222574923925948,"PDPN/SLC7A11/SLC7A5/SLC6A6/DPEP1/CA9",6
"CC","GO:0045178","basal part of cell","15/239","319/19944",0.0470219435736677,3.92387298172899,5.79768995176525,7.63910315674775e-06,0.000598497285785774,0.00053490323456524,"SLCO4A1/CLDN1/FAP/PDPN/SLC22A3/NKD2/SLC7A5/SLC6A6/AQP9/AURKA/SLC4A11/TACSTD2/CA9/SLC5A6/MET",15
"CC","GO:0005819","spindle","18/239","452/19944",0.0398230088495575,3.32313844558818,5.50201897163666,9.41033468216626e-06,0.000598497285785774,0.00053490323456524,"CDC25B/KIF20A/KIF14/TPX2/ECT2/UHRF1/CKAP2L/SKA3/SHCBP1/CKAP2/DIAPH3/CDC6/AURKA/BUB1B/KIF4A/MAD2L1/MYC/MZT1",18
"CC","GO:0098644","complex of collagen trimers","5/239","27/19944",0.185185185185185,15.4532775453278,8.27641460436486,1.54253337374677e-05,0.000762362440154485,0.000681356699244326,"COL1A1/COL12A1/COL7A1/COL8A1/COL4A1",5
"CC","GO:0009925","basal plasma membrane","14/239","300/19944",0.0466666666666667,3.89422594142259,5.56267993148556,1.67815631480547e-05,0.000762362440154485,0.000681356699244326,"SLCO4A1/CLDN1/PDPN/SLC22A3/NKD2/SLC7A5/SLC6A6/AQP9/AURKA/SLC4A11/TACSTD2/CA9/SLC5A6/MET",14
"CC","GO:0016323","basolateral plasma membrane","12/239","267/19944",0.0449438202247191,3.75045837055145,4.98295814714732,9.65787212213515e-05,0.00383900416854872,0.00343108614865328,"SLCO4A1/CLDN1/PDPN/SLC22A3/NKD2/SLC7A5/SLC6A6/AQP9/AURKA/SLC4A11/CA9/SLC5A6",12
"CC","GO:0005788","endoplasmic reticulum lumen","13/239","319/19944",0.0407523510971787,3.40068991749846,4.76028059322689,0.000132852362721934,0.004694116816175,0.00419533777016634,"COL1A1/STC2/COL12A1/COL7A1/COL8A1/FKBP10/COL4A1/WNT5A/PCSK9/EVA1A/SERPINH1/SPP1/POGLUT2",13
"CC","GO:0005604","basement membrane","7/239","100/19944",0.07,5.84133891213389,5.34511252383042,0.000202060601241152,0.00642552711946865,0.00574277498264328,"COL7A1/COL8A1/TGFBI/COL4A1/THBS2/LOXL2/VWA2",7
"CC","GO:0000775","chromosome, centromeric region","11/239","267/19944",0.0411985018726592,3.4379201730055,4.4167380674578,0.000396272270355337,0.0114558710884543,0.0102386136838221,"SKA3/HJURP/NUF2/DSCC1/AURKA/SNAI1/TOP2A/CENPW/BUB1B/MAD2L1/MTBP",11
"CC","GO:0072686","mitotic spindle","9/239","194/19944",0.0463917525773196,3.87128499331407,4.42587956175649,0.000572173991255065,0.0143816153250345,0.0128534794364757,"KIF20A/TPX2/ECT2/CKAP2L/SKA3/CKAP2/CDC6/AURKA/MAD2L1",9
"CC","GO:0005581","collagen trimer","6/239","86/19944",0.0697674418604651,5.82193247056534,4.93524334881689,0.000587927670520278,0.0143816153250345,0.0128534794364757,"CTHRC1/COL1A1/COL12A1/COL7A1/COL8A1/COL4A1",6
"CC","GO:0016324","apical plasma membrane","14/239","425/19944",0.0329411764705882,2.74886537041595,4.01354407699769,0.000645965174236116,0.0146726375290775,0.0131135787250941,"CLDN1/PDPN/SLC22A3/SLC7A11/SLC7A5/SPTBN2/SLC39A10/SAPCD2/SLC6A6/SLC4A11/STC1/DPEP1/SLC5A6/CRIPTO",14
"CC","GO:0005902","microvillus","6/239","97/19944",0.0618556701030928,5.16171332441876,4.52497900742591,0.00110812324434892,0.0234922127801971,0.0209960193666111,"PDPN/SLC7A11/SLC7A5/SLC6A6/DPEP1/CA9",6
"CC","GO:0000776","kinetochore","8/239","175/19944",0.0457142857142857,3.81475194261805,4.118819656396,0.00126333279246887,0.0250086986190701,0.0223513691729524,"SKA3/HJURP/NUF2/AURKA/CENPW/BUB1B/MAD2L1/MTBP",8
"CC","GO:0032153","cell division site","5/239","68/19944",0.0735294117647059,6.13586020182131,4.67206774624081,0.00133694300793771,0.0250086986190701,0.0223513691729524,"ANLN/KIF20A/CEP55/ECT2/DIAPH3",5
"CC","GO:0000940","outer kinetochore","3/239","20/19944",0.15,12.5171548117155,5.67515740315814,0.00166620783970623,0.0294363385014767,0.0263085448374668,"SKA3/NUF2/BUB1B",3
"CC","GO:0000922","spindle pole","8/239","185/19944",0.0432432432432432,3.60854913490897,3.92562111221068,0.00179608959404503,0.0300608679424379,0.0268667141491501,"CDC25B/TPX2/CKAP2L/CKAP2/DIAPH3/CDC6/AURKA/MAD2L1",8
"CC","GO:0000779","condensed chromosome, centromeric region","8/239","187/19944",0.0427807486631016,3.56995502651422,3.88858684124103,0.00192128700288349,0.0305484633458475,0.0273024995146602,"SKA3/HJURP/NUF2/AURKA/CENPW/BUB1B/MAD2L1/MTBP",8
"CC","GO:0000793","condensed chromosome","10/239","288/19944",0.0347222222222222,2.89748953974895,3.57218578635419,0.0025830861000007,0.0391153038000105,0.0349590600000094,"SKA3/HJURP/NUF2/AURKA/TOP2A/CENPW/BUB1B/MAD2L1/RRS1/MTBP",10
"MF","GO:0005201","extracellular matrix structural constituent","13/233","175/18662",0.0742857142857143,5.94987124463519,7.39731713372537,3.15917089017791e-07,0.000151956119817558,0.000131687544474785,"CTHRC1/MFAP2/ANOS1/COL1A1/CHI3L1/BGN/COL12A1/COL7A1/COL8A1/TGFBI/COL4A1/THBS2/MUC5AC",13
"MF","GO:0004222","metalloendopeptidase activity","8/233","109/18662",0.073394495412844,5.8784895853841,5.74362518035034,6.73318154986124e-05,0.0161933016274163,0.0140333678618161,"MMP7/MMP3/MMP11/ADAMTS12/MMP1/ADAM12/MMP12/ADAMTS6",8
"MF","GO:0008237","metallopeptidase activity","10/233","185/18662",0.0540540540540541,4.32942814058694,5.1172226396998,0.000114204656580566,0.0183108132717508,0.0158684364932998,"MMP7/MMP3/MMP11/ADAMTS12/MMP1/ADAM12/MMP12/MATCAP2/DPEP1/ADAMTS6",10
"MF","GO:0030020","extracellular matrix structural constituent conferring tensile strength","5/233","42/18662",0.119047619047619,9.53505007153076,6.22637698438883,0.000169629343101184,0.0203979285079173,0.017677163123176,"COL1A1/COL12A1/COL7A1/COL8A1/COL4A1",5
"MF","GO:0004252","serine-type endopeptidase activity","9/233","178/18662",0.050561797752809,4.04971789554902,4.59691233162999,0.000409874700931776,0.0394299462296369,0.0341706066461018,"MMP7/MMP3/MMP11/MMP1/FAP/PLAU/PRSS22/MMP12/PCSK9",9
